"","AgeGroup","meanControls","meanCases"
"1","Millenials",8.80681818181818,2.27272727272727
"2","Xennials",8.80681818181818,2.27272727272727
"3","GenX",8.80681818181818,2.27272727272727
"4","Boomers",8.80681818181818,2.27272727272727
"5","Seniors",8.80681818181818,2.27272727272727
"6","Elderly",8.80681818181818,2.27272727272727
