"","meanControls","meanCases"
"1",8.80681818181818,2.27272727272727
